{
	"igwsc_menu_title": "เปลี่ยนสีสถานะภายในเกม",
	"igwsc_menu_desc": "ปรับเปลี่ยนสีและข้อความของสถานะในช่วงวางแผน",
	
    "igwsc_r": "แดง",
    "igwsc_r_desc" : "ตั้งค่าสีแดง",
    "igwsc_g": "เขียว",
    "igwsc_g_desc" : "ตั้งค่าสีเขียว",
    "igwsc_b": "น้ำเงิน",
    "igwsc_b_desc" : "ตั้งค่าสีน้ำเงิน",

	"igwsc_options_reset_title": "ใช้ค่าเริ่มต้น",
	"igwsc_options_reset_desc": "เปลี่ยนข้อความและสีทั้งหมดเป็นค่าเริ่มต้น  (สีน้ำเงิน-กำลังเข้าร่วมเกม, สีเหลือ-กำลังโหลด, สีเขียว-พร้อม และสีแดง-ไม่พร้อม)",
	
	"dropin_text_title": "ตั้งค่าข้อความ กำลังโหลด",
	"dropin_text_desc": "พิมพ์ข้อความอะไรก็ได้เพื่อตั้งค่าข้อความสำหรับสถานะ กำลังโหลด",
	
	"join_text_title": "ตั้งค่าข้อความ กำลังเข้าร่วมเกม",
	"join_text_desc": "พิมพ์ข้อความอะไรก็ได้เพื่อตั้งค่าข้อความสำหรับสถานะ กำลังเข้าร่วมเกม",
	
	"ready_text_title": "ตั้งค่าข้อความ พร้อม",
	"ready_text_desc": "พิมพ์ข้อความอะไรก็ได้เพื่อตั้งค่าข้อความสำหรับสถานะ พร้อม",
	
	"unready_text_title": "ตั้งค่าข้อความ ไม่พร้อม",
	"unready_text_desc": "พิมพ์ข้อความอะไรก็ได้เพื่อตั้งค่าข้อความสำหรับสถานะ ไม่พร้อม"
}
